Blue of london;img/product/product3_big.jpg;7,50€
Thé des lords;img/product/product6_big.jpg;8,20€
Thé des vahinés;img/product/product7_big.jpg;7,50€
Thé du hammam;img/product/product1_big.jpg;8,40€
Vive le thé !;img/product/product4_big.jpg;9,30€
Thé des alizés;img/product/product5_big.jpg;7,50€
Vive les fetes;img/product/product8_big.jpg;11,10€
Fleur d'oranger Oolong;img/product/product9_big.jpg;10,90€
Oolong 7 agrumes;img/product/product10_big.jpg;13,20€
Thé des songes blanc;img/product/product11_big.jpg;12,00€
Bai mu dan;img/product/product12_big.jpg;9,50€
Aiguilles d'argent;img/product/product13_big.jpg;47,20€
Rooibos à la verveine;img/product/product14_big.jpg;7,00€
Spicy Passion;img/product/product15_big.jpg;9,00€
Rooibos des amants;img/product/product16_big.jpg;8,20€
